{
	"time":[0.9142857142857143,1.2571428571428573,1.5142857142857142,1.6571428571428573,1.6285714285714288,1.4571428571428573,1.5142857142857145,2.057142857142857,1.9142857142857141,2.1999999999999997,1.8,1.7142857142857142,1.4,1.2857142857142858,1.6857142857142857,1],
	"day":[1.4553571428571426,1.5267857142857144,1.7321428571428574,1.8035714285714284,1.2946428571428568]
}