{
	"Thursday":[1,1,1.4285714285714286,1,1.8571428571428572,1.7142857142857142,1.8571428571428572,1.4285714285714286,1,1.8571428571428572,1.4285714285714286,1.7142857142857142,1.4285714285714286,2,2,1.7142857142857142],
	"Monday":[1.1428571428571428,1.4285714285714286,1.5714285714285714,1.1428571428571428,1.5714285714285714,1.4285714285714286,1.2857142857142858,1.7142857142857142,2.142857142857143,1.7142857142857142,1.4285714285714286,0.2857142857142857,1.1428571428571428,0.42857142857142855,1.2857142857142858,1],
	"Tuesday":[0.7142857142857143,1.1428571428571428,1.5714285714285714,2.2857142857142856,2,2.142857142857143,2.5714285714285716,2.5714285714285716,2,2.2857142857142856,2,2.2857142857142856,1.4285714285714286,1.7142857142857142,1.4285714285714286,0.7142857142857143],
	"Wednesday":[1,1.7142857142857142,1.4285714285714286,2.142857142857143,1.4285714285714286,1,1,2,2.2857142857142856,2.5714285714285716,2.5714285714285716,2.857142857142857,1.7142857142857142,1.1428571428571428,1.7142857142857142,1.1428571428571428],
	"Friday":[0.7142857142857143,1,1.5714285714285714,1.7142857142857142,1.2857142857142858,1,0.8571428571428571,2.5714285714285716,2.142857142857143,2.5714285714285716,1.5714285714285714,1.4285714285714286,1.2857142857142858,1.1428571428571428,2,0.42857142857142855]
}
